,filename,label
0,cat1.jpg,0
1,cat10.jpg,0
2,cat100.jpg,0
3,cat1000.jpg,0
4,cat101.jpg,0
5,cat102.jpg,0
6,cat103.jpg,0
7,cat104.jpg,0
8,cat105.jpg,0
9,cat106.jpg,0
10,cat107.jpg,0
11,cat108.jpg,0
12,cat109.jpg,0
13,cat11.jpg,0
14,cat110.jpg,0
15,cat111.jpg,0
16,cat112.jpg,0
17,cat113.jpg,0
18,cat114.jpg,0
19,cat115.jpg,0
20,cat116.jpg,0
21,cat117.jpg,0
22,cat118.jpg,0
23,cat119.jpg,0
24,cat12.jpg,0
25,cat120.jpg,0
26,cat121.jpg,0
27,cat122.jpg,0
28,cat123.jpg,0
29,cat124.jpg,0
30,cat125.jpg,0
31,cat126.jpg,0
32,cat127.jpg,0
33,cat128.jpg,0
34,cat129.jpg,0
35,cat13.jpg,0
36,cat130.jpg,0
37,cat131.jpg,0
38,cat132.jpg,0
39,cat133.jpg,0
40,cat134.jpg,0
41,cat135.jpg,0
42,cat136.jpg,0
43,cat137.jpg,0
44,cat138.jpg,0
45,cat139.jpg,0
46,cat14.jpg,0
47,cat140.jpg,0
48,cat141.jpg,0
49,cat142.jpg,0
50,cat143.jpg,0
51,cat144.jpg,0
52,cat145.jpg,0
53,cat146.jpg,0
54,cat147.jpg,0
55,cat148.jpg,0
56,cat149.jpg,0
57,cat15.jpg,0
58,cat150.jpg,0
59,cat151.jpg,0
60,cat152.jpg,0
61,cat153.jpg,0
62,cat154.jpg,0
63,cat155.jpg,0
64,cat156.jpg,0
65,cat157.jpg,0
66,cat158.jpg,0
67,cat159.jpg,0
68,cat16.jpg,0
69,cat160.jpg,0
70,cat161.jpg,0
71,cat162.jpg,0
72,cat163.jpg,0
73,cat164.jpg,0
74,cat165.jpg,0
75,cat166.jpg,0
76,cat167.jpg,0
77,cat168.jpg,0
78,cat169.jpg,0
79,cat17.jpg,0
80,cat170.jpg,0
81,cat171.jpg,0
82,cat172.jpg,0
83,cat173.jpg,0
84,cat174.jpg,0
85,cat175.jpg,0
86,cat176.jpg,0
87,cat177.jpg,0
88,cat178.jpg,0
89,cat179.jpg,0
90,cat18.jpg,0
91,cat180.jpg,0
92,cat181.jpg,0
93,cat182.jpg,0
94,cat183.jpg,0
95,cat184.jpg,0
96,cat185.jpg,0
97,cat186.jpg,0
98,cat187.jpg,0
99,cat188.jpg,0
100,cat189.jpg,0
101,cat19.jpg,0
102,cat190.jpg,0
103,cat191.jpg,0
104,cat192.jpg,0
105,cat193.jpg,0
106,cat194.jpg,0
107,cat195.jpg,0
108,cat196.jpg,0
109,cat197.jpg,0
110,cat198.jpg,0
111,cat199.jpg,0
112,cat2.jpg,0
113,cat20.jpg,0
114,cat200.jpg,0
115,cat201.jpg,0
116,cat202.jpg,0
117,cat203.jpg,0
118,cat204.jpg,0
119,cat205.jpg,0
120,cat206.jpg,0
121,cat207.jpg,0
122,cat208.jpg,0
123,cat209.jpg,0
124,cat21.jpg,0
125,cat210.jpg,0
126,cat211.jpg,0
127,cat212.jpg,0
128,cat213.jpg,0
129,cat214.jpg,0
130,cat215.jpg,0
131,cat216.jpg,0
132,cat217.jpg,0
133,cat218.jpg,0
134,cat219.jpg,0
135,cat22.jpg,0
136,cat220.jpg,0
137,cat221.jpg,0
138,cat222.jpg,0
139,cat223.jpg,0
140,cat224.jpg,0
141,cat225.jpg,0
142,cat226.jpg,0
143,cat227.jpg,0
144,cat228.jpg,0
145,cat229.jpg,0
146,cat23.jpg,0
147,cat230.jpg,0
148,cat231.jpg,0
149,cat232.jpg,0
150,cat233.jpg,0
151,cat234.jpg,0
152,cat235.jpg,0
153,cat236.jpg,0
154,cat237.jpg,0
155,cat238.jpg,0
156,cat239.jpg,0
157,cat24.jpg,0
158,cat240.jpg,0
159,cat241.jpg,0
160,cat242.jpg,0
161,cat243.jpg,0
162,cat244.jpg,0
163,cat245.jpg,0
164,cat246.jpg,0
165,cat247.jpg,0
166,cat248.jpg,0
167,cat249.jpg,0
168,cat25.jpg,0
169,cat250.jpg,0
170,cat251.jpg,0
171,cat252.jpg,0
172,cat253.jpg,0
173,cat254.jpg,0
174,cat255.jpg,0
175,cat256.jpg,0
176,cat257.jpg,0
177,cat258.jpg,0
178,cat259.jpg,0
179,cat26.jpg,0
180,cat260.jpg,0
181,cat261.jpg,0
182,cat262.jpg,0
183,cat263.jpg,0
184,cat264.jpg,0
185,cat265.jpg,0
186,cat266.jpg,0
187,cat267.jpg,0
188,cat268.jpg,0
189,cat269.jpg,0
190,cat27.jpg,0
191,cat270.jpg,0
192,cat271.jpg,0
193,cat272.jpg,0
194,cat273.jpg,0
195,cat274.jpg,0
196,cat275.jpg,0
197,cat276.jpg,0
198,cat277.jpg,0
199,cat278.jpg,0
200,cat279.jpg,0
201,cat28.jpg,0
202,cat280.jpg,0
203,cat281.jpg,0
204,cat282.jpg,0
205,cat283.jpg,0
206,cat284.jpg,0
207,cat285.jpg,0
208,cat286.jpg,0
209,cat287.jpg,0
210,cat288.jpg,0
211,cat289.jpg,0
212,cat29.jpg,0
213,cat290.jpg,0
214,cat291.jpg,0
215,cat292.jpg,0
216,cat293.jpg,0
217,cat294.jpg,0
218,cat295.jpg,0
219,cat296.jpg,0
220,cat297.jpg,0
221,cat298.jpg,0
222,cat299.jpg,0
223,cat3.jpg,0
224,cat30.jpg,0
225,cat300.jpg,0
226,cat301.jpg,0
227,cat302.jpg,0
228,cat303.jpg,0
229,cat304.jpg,0
230,cat305.jpg,0
231,cat306.jpg,0
232,cat307.jpg,0
233,cat308.jpg,0
234,cat309.jpg,0
235,cat31.jpg,0
236,cat310.jpg,0
237,cat311.jpg,0
238,cat312.jpg,0
239,cat313.jpg,0
240,cat314.jpg,0
241,cat315.jpg,0
242,cat316.jpg,0
243,cat317.jpg,0
244,cat318.jpg,0
245,cat319.jpg,0
246,cat32.jpg,0
247,cat320.jpg,0
248,cat321.jpg,0
249,cat322.jpg,0
250,cat323.jpg,0
251,cat324.jpg,0
252,cat325.jpg,0
253,cat326.jpg,0
254,cat327.jpg,0
255,cat328.jpg,0
256,cat329.jpg,0
257,cat33.jpg,0
258,cat330.jpg,0
259,cat331.jpg,0
260,cat332.jpg,0
261,cat333.jpg,0
262,cat334.jpg,0
263,cat335.jpg,0
264,cat336.jpg,0
265,cat337.jpg,0
266,cat338.jpg,0
267,cat339.jpg,0
268,cat34.jpg,0
269,cat340.jpg,0
270,cat341.jpg,0
271,cat342.jpg,0
272,cat343.jpg,0
273,cat344.jpg,0
274,cat345.jpg,0
275,cat346.jpg,0
276,cat347.jpg,0
277,cat348.jpg,0
278,cat349.jpg,0
279,cat35.jpg,0
280,cat350.jpg,0
281,cat351.jpg,0
282,cat352.jpg,0
283,cat353.jpg,0
284,cat354.jpg,0
285,cat355.jpg,0
286,cat356.jpg,0
287,cat357.jpg,0
288,cat358.jpg,0
289,cat359.jpg,0
290,cat36.jpg,0
291,cat360.jpg,0
292,cat361.jpg,0
293,cat362.jpg,0
294,cat363.jpg,0
295,cat364.jpg,0
296,cat365.jpg,0
297,cat366.jpg,0
298,cat367.jpg,0
299,cat368.jpg,0
300,cat369.jpg,0
301,cat37.jpg,0
302,cat370.jpg,0
303,cat371.jpg,0
304,cat372.jpg,0
305,cat373.jpg,0
306,cat374.jpg,0
307,cat375.jpg,0
308,cat376.jpg,0
309,cat377.jpg,0
310,cat378.jpg,0
311,cat379.jpg,0
312,cat38.jpg,0
313,cat380.jpg,0
314,cat381.jpg,0
315,cat382.jpg,0
316,cat383.jpg,0
317,cat384.jpg,0
318,cat385.jpg,0
319,cat386.jpg,0
320,cat387.jpg,0
321,cat388.jpg,0
322,cat389.jpg,0
323,cat39.jpg,0
324,cat390.jpg,0
325,cat391.jpg,0
326,cat392.jpg,0
327,cat393.jpg,0
328,cat394.jpg,0
329,cat395.jpg,0
330,cat396.jpg,0
331,cat397.jpg,0
332,cat398.jpg,0
333,cat399.jpg,0
334,cat4.jpg,0
335,cat40.jpg,0
336,cat400.jpg,0
337,cat401.jpg,0
338,cat402.jpg,0
339,cat403.jpg,0
340,cat404.jpg,0
341,cat405.jpg,0
342,cat406.jpg,0
343,cat407.jpg,0
344,cat408.jpg,0
345,cat409.jpg,0
346,cat41.jpg,0
347,cat410.jpg,0
348,cat411.jpg,0
349,cat412.jpg,0
350,cat413.jpg,0
351,cat414.jpg,0
352,cat415.jpg,0
353,cat416.jpg,0
354,cat417.jpg,0
355,cat418.jpg,0
356,cat419.jpg,0
357,cat42.jpg,0
358,cat420.jpg,0
359,cat421.jpg,0
360,cat422.jpg,0
361,cat423.jpg,0
362,cat424.jpg,0
363,cat425.jpg,0
364,cat426.jpg,0
365,cat427.jpg,0
366,cat428.jpg,0
367,cat429.jpg,0
368,cat43.jpg,0
369,cat430.jpg,0
370,cat431.jpg,0
371,cat432.jpg,0
372,cat433.jpg,0
373,cat434.jpg,0
374,cat435.jpg,0
375,cat436.jpg,0
376,cat437.jpg,0
377,cat438.jpg,0
378,cat439.jpg,0
379,cat44.jpg,0
380,cat440.jpg,0
381,cat441.jpg,0
382,cat442.jpg,0
383,cat443.jpg,0
384,cat444.jpg,0
385,cat445.jpg,0
386,cat446.jpg,0
387,cat447.jpg,0
388,cat448.jpg,0
389,cat449.jpg,0
390,cat45.jpg,0
391,cat450.jpg,0
392,cat451.jpg,0
393,cat452.jpg,0
394,cat453.jpg,0
395,cat454.jpg,0
396,cat455.jpg,0
397,cat456.jpg,0
398,cat457.jpg,0
399,cat458.jpg,0
400,cat459.jpg,0
401,cat46.jpg,0
402,cat460.jpg,0
403,cat461.jpg,0
404,cat462.jpg,0
405,cat463.jpg,0
406,cat464.jpg,0
407,cat465.jpg,0
408,cat466.jpg,0
409,cat467.jpg,0
410,cat468.jpg,0
411,cat469.jpg,0
412,cat47.jpg,0
413,cat470.jpg,0
414,cat471.jpg,0
415,cat472.jpg,0
416,cat473.jpg,0
417,cat474.jpg,0
418,cat475.jpg,0
419,cat476.jpg,0
420,cat477.jpg,0
421,cat478.jpg,0
422,cat479.jpg,0
423,cat48.jpg,0
424,cat480.jpg,0
425,cat481.jpg,0
426,cat482.jpg,0
427,cat483.jpg,0
428,cat484.jpg,0
429,cat485.jpg,0
430,cat486.jpg,0
431,cat487.jpg,0
432,cat488.jpg,0
433,cat489.jpg,0
434,cat49.jpg,0
435,cat490.jpg,0
436,cat491.jpg,0
437,cat492.jpg,0
438,cat493.jpg,0
439,cat494.jpg,0
440,cat495.jpg,0
441,cat496.jpg,0
442,cat497.jpg,0
443,cat498.jpg,0
444,cat499.jpg,0
445,cat5.jpg,0
446,cat50.jpg,0
447,cat500.jpg,0
448,cat501.jpg,0
449,cat502.jpg,0
450,cat503.jpg,0
451,cat504.jpg,0
452,cat505.jpg,0
453,cat506.jpg,0
454,cat507.jpg,0
455,cat508.jpg,0
456,cat509.jpg,0
457,cat51.jpg,0
458,cat510.jpg,0
459,cat511.jpg,0
460,cat512.jpg,0
461,cat513.jpg,0
462,cat514.jpg,0
463,cat515.jpg,0
464,cat516.jpg,0
465,cat517.jpg,0
466,cat518.jpg,0
467,cat519.jpg,0
468,cat52.jpg,0
469,cat520.jpg,0
470,cat521.jpg,0
471,cat522.jpg,0
472,cat523.jpg,0
473,cat524.jpg,0
474,cat525.jpg,0
475,cat526.jpg,0
476,cat527.jpg,0
477,cat528.jpg,0
478,cat529.jpg,0
479,cat53.jpg,0
480,cat530.jpg,0
481,cat531.jpg,0
482,cat532.jpg,0
483,cat533.jpg,0
484,cat534.jpg,0
485,cat535.jpg,0
486,cat536.jpg,0
487,cat537.jpg,0
488,cat538.jpg,0
489,cat539.jpg,0
490,cat54.jpg,0
491,cat540.jpg,0
492,cat541.jpg,0
493,cat542.jpg,0
494,cat543.jpg,0
495,cat544.jpg,0
496,cat545.jpg,0
497,cat546.jpg,0
498,cat547.jpg,0
499,cat548.jpg,0
500,cat549.jpg,0
501,cat55.jpg,0
502,cat550.jpg,0
503,cat551.jpg,0
504,cat552.jpg,0
505,cat553.jpg,0
506,cat554.jpg,0
507,cat555.jpg,0
508,cat556.jpg,0
509,cat557.jpg,0
510,cat558.jpg,0
511,cat559.jpg,0
512,cat56.jpg,0
513,cat560.jpg,0
514,cat561.jpg,0
515,cat562.jpg,0
516,cat563.jpg,0
517,cat564.jpg,0
518,cat565.jpg,0
519,cat566.jpg,0
520,cat567.jpg,0
521,cat568.jpg,0
522,cat569.jpg,0
523,cat57.jpg,0
524,cat570.jpg,0
525,cat571.jpg,0
526,cat572.jpg,0
527,cat573.jpg,0
528,cat574.jpg,0
529,cat575.jpg,0
530,cat576.jpg,0
531,cat577.jpg,0
532,cat578.jpg,0
533,cat579.jpg,0
534,cat58.jpg,0
535,cat580.jpg,0
536,cat581.jpg,0
537,cat582.jpg,0
538,cat583.jpg,0
539,cat584.jpg,0
540,cat585.jpg,0
541,cat586.jpg,0
542,cat587.jpg,0
543,cat588.jpg,0
544,cat589.jpg,0
545,cat59.jpg,0
546,cat590.jpg,0
547,cat591.jpg,0
548,cat592.jpg,0
549,cat593.jpg,0
550,cat594.jpg,0
551,cat595.jpg,0
552,cat596.jpg,0
553,cat597.jpg,0
554,cat598.jpg,0
555,cat599.jpg,0
556,cat6.jpg,0
557,cat60.jpg,0
558,cat600.jpg,0
559,cat601.jpg,0
560,cat602.jpg,0
561,cat603.jpg,0
562,cat604.jpg,0
563,cat605.jpg,0
564,cat606.jpg,0
565,cat607.jpg,0
566,cat608.jpg,0
567,cat609.jpg,0
568,cat61.jpg,0
569,cat610.jpg,0
570,cat611.jpg,0
571,cat612.jpg,0
572,cat613.jpg,0
573,cat614.jpg,0
574,cat615.jpg,0
575,cat616.jpg,0
576,cat617.jpg,0
577,cat618.jpg,0
578,cat619.jpg,0
579,cat62.jpg,0
580,cat620.jpg,0
581,cat621.jpg,0
582,cat622.jpg,0
583,cat623.jpg,0
584,cat624.jpg,0
585,cat625.jpg,0
586,cat626.jpg,0
587,cat627.jpg,0
588,cat628.jpg,0
589,cat629.jpg,0
590,cat63.jpg,0
591,cat630.jpg,0
592,cat631.jpg,0
593,cat632.jpg,0
594,cat633.jpg,0
595,cat634.jpg,0
596,cat635.jpg,0
597,cat636.jpg,0
598,cat637.jpg,0
599,cat638.jpg,0
600,cat639.jpg,0
601,cat64.jpg,0
602,cat640.jpg,0
603,cat641.jpg,0
604,cat642.jpg,0
605,cat643.jpg,0
606,cat644.jpg,0
607,cat645.jpg,0
608,cat646.jpg,0
609,cat647.jpg,0
610,cat648.jpg,0
611,cat649.jpg,0
612,cat65.jpg,0
613,cat650.jpg,0
614,cat651.jpg,0
615,cat652.jpg,0
616,cat653.jpg,0
617,cat654.jpg,0
618,cat655.jpg,0
619,cat656.jpg,0
620,cat657.jpg,0
621,cat658.jpg,0
622,cat659.jpg,0
623,cat66.jpg,0
624,cat660.jpg,0
625,cat661.jpg,0
626,cat662.jpg,0
627,cat663.jpg,0
628,cat664.jpg,0
629,cat665.jpg,0
630,cat666.jpg,0
631,cat667.jpg,0
632,cat668.jpg,0
633,cat669.jpg,0
634,cat67.jpg,0
635,cat670.jpg,0
636,cat671.jpg,0
637,cat672.jpg,0
638,cat673.jpg,0
639,cat674.jpg,0
640,cat675.jpg,0
641,cat676.jpg,0
642,cat677.jpg,0
643,cat678.jpg,0
644,cat679.jpg,0
645,cat68.jpg,0
646,cat680.jpg,0
647,cat681.jpg,0
648,cat682.jpg,0
649,cat683.jpg,0
650,cat684.jpg,0
651,cat685.jpg,0
652,cat686.jpg,0
653,cat687.jpg,0
654,cat688.jpg,0
655,cat689.jpg,0
656,cat69.jpg,0
657,cat690.jpg,0
658,cat691.jpg,0
659,cat692.jpg,0
660,cat693.jpg,0
661,cat694.jpg,0
662,cat695.jpg,0
663,cat696.jpg,0
664,cat697.jpg,0
665,cat698.jpg,0
666,cat699.jpg,0
667,cat7.jpg,0
668,cat70.jpg,0
669,cat700.jpg,0
670,cat701.jpg,0
671,cat702.jpg,0
672,cat703.jpg,0
673,cat704.jpg,0
674,cat705.jpg,0
675,cat706.jpg,0
676,cat707.jpg,0
677,cat708.jpg,0
678,cat709.jpg,0
679,cat71.jpg,0
680,cat710.jpg,0
681,cat711.jpg,0
682,cat712.jpg,0
683,cat713.jpg,0
684,cat714.jpg,0
685,cat715.jpg,0
686,cat716.jpg,0
687,cat717.jpg,0
688,cat718.jpg,0
689,cat719.jpg,0
690,cat72.jpg,0
691,cat720.jpg,0
692,cat721.jpg,0
693,cat722.jpg,0
694,cat723.jpg,0
695,cat724.jpg,0
696,cat725.jpg,0
697,cat726.jpg,0
698,cat727.jpg,0
699,cat728.jpg,0
700,cat729.jpg,0
701,cat73.jpg,0
702,cat730.jpg,0
703,cat731.jpg,0
704,cat732.jpg,0
705,cat733.jpg,0
706,cat734.jpg,0
707,cat735.jpg,0
708,cat736.jpg,0
709,cat737.jpg,0
710,cat738.jpg,0
711,cat739.jpg,0
712,cat74.jpg,0
713,cat740.jpg,0
714,cat741.jpg,0
715,cat742.jpg,0
716,cat743.jpg,0
717,cat744.jpg,0
718,cat745.jpg,0
719,cat746.jpg,0
720,cat747.jpg,0
721,cat748.jpg,0
722,cat749.jpg,0
723,cat75.jpg,0
724,cat750.jpg,0
725,cat751.jpg,0
726,cat752.jpg,0
727,cat753.jpg,0
728,cat754.jpg,0
729,cat755.jpg,0
730,cat756.jpg,0
731,cat757.jpg,0
732,cat758.jpg,0
733,cat759.jpg,0
734,cat76.jpg,0
735,cat760.jpg,0
736,cat761.jpg,0
737,cat762.jpg,0
738,cat763.jpg,0
739,cat764.jpg,0
740,cat765.jpg,0
741,cat766.jpg,0
742,cat767.jpg,0
743,cat768.jpg,0
744,cat769.jpg,0
745,cat77.jpg,0
746,cat770.jpg,0
747,cat771.jpg,0
748,cat772.jpg,0
749,cat773.jpg,0
750,cat774.jpg,0
751,cat775.jpg,0
752,cat776.jpg,0
753,cat777.jpg,0
754,cat778.jpg,0
755,cat779.jpg,0
756,cat78.jpg,0
757,cat780.jpg,0
758,cat781.jpg,0
759,cat782.jpg,0
760,cat783.jpg,0
761,cat784.jpg,0
762,cat785.jpg,0
763,cat786.jpg,0
764,cat787.jpg,0
765,cat788.jpg,0
766,cat789.jpg,0
767,cat79.jpg,0
768,cat790.jpg,0
769,cat791.jpg,0
770,cat792.jpg,0
771,cat793.jpg,0
772,cat794.jpg,0
773,cat795.jpg,0
774,cat796.jpg,0
775,cat797.jpg,0
776,cat798.jpg,0
777,cat799.jpg,0
778,cat8.jpg,0
779,cat80.jpg,0
780,cat800.jpg,0
781,cat801.jpg,0
782,cat802.jpg,0
783,cat803.jpg,0
784,cat804.jpg,0
785,cat805.jpg,0
786,cat806.jpg,0
787,cat807.jpg,0
788,cat808.jpg,0
789,cat809.jpg,0
790,cat81.jpg,0
791,cat810.jpg,0
792,cat811.jpg,0
793,cat812.jpg,0
794,cat813.jpg,0
795,cat814.jpg,0
796,cat815.jpg,0
797,cat816.jpg,0
798,cat817.jpg,0
799,cat818.jpg,0
800,cat819.jpg,0
801,cat82.jpg,0
802,cat820.jpg,0
803,cat821.jpg,0
804,cat822.jpg,0
805,cat823.jpg,0
806,cat824.jpg,0
807,cat825.jpg,0
808,cat826.jpg,0
809,cat827.jpg,0
810,cat828.jpg,0
811,cat829.jpg,0
812,cat83.jpg,0
813,cat830.jpg,0
814,cat831.jpg,0
815,cat832.jpg,0
816,cat833.jpg,0
817,cat834.jpg,0
818,cat835.jpg,0
819,cat836.jpg,0
820,cat837.jpg,0
821,cat838.jpg,0
822,cat839.jpg,0
823,cat84.jpg,0
824,cat840.jpg,0
825,cat841.jpg,0
826,cat842.jpg,0
827,cat843.jpg,0
828,cat844.jpg,0
829,cat845.jpg,0
830,cat846.jpg,0
831,cat847.jpg,0
832,cat848.jpg,0
833,cat849.jpg,0
834,cat85.jpg,0
835,cat850.jpg,0
836,cat851.jpg,0
837,cat852.jpg,0
838,cat853.jpg,0
839,cat854.jpg,0
840,cat855.jpg,0
841,cat856.jpg,0
842,cat857.jpg,0
843,cat858.jpg,0
844,cat859.jpg,0
845,cat86.jpg,0
846,cat860.jpg,0
847,cat861.jpg,0
848,cat862.jpg,0
849,cat863.jpg,0
850,cat864.jpg,0
851,cat865.jpg,0
852,cat866.jpg,0
853,cat867.jpg,0
854,cat868.jpg,0
855,cat869.jpg,0
856,cat87.jpg,0
857,cat870.jpg,0
858,cat871.jpg,0
859,cat872.jpg,0
860,cat873.jpg,0
861,cat874.jpg,0
862,cat875.jpg,0
863,cat876.jpg,0
864,cat877.jpg,0
865,cat878.jpg,0
866,cat879.jpg,0
867,cat88.jpg,0
868,cat880.jpg,0
869,cat881.jpg,0
870,cat882.jpg,0
871,cat883.jpg,0
872,cat884.jpg,0
873,cat885.jpg,0
874,cat886.jpg,0
875,cat887.jpg,0
876,cat888.jpg,0
877,cat889.jpg,0
878,cat89.jpg,0
879,cat890.jpg,0
880,cat891.jpg,0
881,cat892.jpg,0
882,cat893.jpg,0
883,cat894.jpg,0
884,cat895.jpg,0
885,cat896.jpg,0
886,cat897.jpg,0
887,cat898.jpg,0
888,cat899.jpg,0
889,cat9.jpg,0
890,cat90.jpg,0
891,cat900.jpg,0
892,cat901.jpg,0
893,cat902.jpg,0
894,cat903.jpg,0
895,cat904.jpg,0
896,cat905.jpg,0
897,cat906.jpg,0
898,cat907.jpg,0
899,cat908.jpg,0
900,cat909.jpg,0
901,cat91.jpg,0
902,cat910.jpg,0
903,cat911.jpg,0
904,cat912.jpg,0
905,cat913.jpg,0
906,cat914.jpg,0
907,cat915.jpg,0
908,cat916.jpg,0
909,cat917.jpg,0
910,cat918.jpg,0
911,cat919.jpg,0
912,cat92.jpg,0
913,cat920.jpg,0
914,cat921.jpg,0
915,cat922.jpg,0
916,cat923.jpg,0
917,cat924.jpg,0
918,cat925.jpg,0
919,cat926.jpg,0
920,cat927.jpg,0
921,cat928.jpg,0
922,cat929.jpg,0
923,cat93.jpg,0
924,cat930.jpg,0
925,cat931.jpg,0
926,cat932.jpg,0
927,cat933.jpg,0
928,cat934.jpg,0
929,cat935.jpg,0
930,cat936.jpg,0
931,cat937.jpg,0
932,cat938.jpg,0
933,cat939.jpg,0
934,cat94.jpg,0
935,cat940.jpg,0
936,cat941.jpg,0
937,cat942.jpg,0
938,cat943.jpg,0
939,cat944.jpg,0
940,cat945.jpg,0
941,cat946.jpg,0
942,cat947.jpg,0
943,cat948.jpg,0
944,cat949.jpg,0
945,cat95.jpg,0
946,cat950.jpg,0
947,cat951.jpg,0
948,cat952.jpg,0
949,cat953.jpg,0
950,cat954.jpg,0
951,cat955.jpg,0
952,cat956.jpg,0
953,cat957.jpg,0
954,cat958.jpg,0
955,cat959.jpg,0
956,cat96.jpg,0
957,cat960.jpg,0
958,cat961.jpg,0
959,cat962.jpg,0
960,cat963.jpg,0
961,cat964.jpg,0
962,cat965.jpg,0
963,cat966.jpg,0
964,cat967.jpg,0
965,cat968.jpg,0
966,cat969.jpg,0
967,cat97.jpg,0
968,cat970.jpg,0
969,cat971.jpg,0
970,cat972.jpg,0
971,cat973.jpg,0
972,cat974.jpg,0
973,cat975.jpg,0
974,cat976.jpg,0
975,cat977.jpg,0
976,cat978.jpg,0
977,cat979.jpg,0
978,cat98.jpg,0
979,cat980.jpg,0
980,cat981.jpg,0
981,cat982.jpg,0
982,cat983.jpg,0
983,cat984.jpg,0
984,cat985.jpg,0
985,cat986.jpg,0
986,cat987.jpg,0
987,cat988.jpg,0
988,cat989.jpg,0
989,cat99.jpg,0
990,cat990.jpg,0
991,cat991.jpg,0
992,cat992.jpg,0
993,cat993.jpg,0
994,cat994.jpg,0
995,cat995.jpg,0
996,cat996.jpg,0
997,cat997.jpg,0
998,cat998.jpg,0
999,cat999.jpg,0
1000,dog1.jpg,1
1001,dog10.jpg,1
1002,dog100.jpg,1
1003,dog1000.jpg,1
1004,dog101.jpg,1
1005,dog102.jpg,1
1006,dog103.jpg,1
1007,dog104.jpg,1
1008,dog105.jpg,1
1009,dog106.jpg,1
1010,dog107.jpg,1
1011,dog108.jpg,1
1012,dog109.jpg,1
1013,dog11.jpg,1
1014,dog110.jpg,1
1015,dog111.jpg,1
1016,dog112.jpg,1
1017,dog113.jpg,1
1018,dog114.jpg,1
1019,dog115.jpg,1
1020,dog116.jpg,1
1021,dog117.jpg,1
1022,dog118.jpg,1
1023,dog119.jpg,1
1024,dog12.jpg,1
1025,dog120.jpg,1
1026,dog121.jpg,1
1027,dog122.jpg,1
1028,dog123.jpg,1
1029,dog124.jpg,1
1030,dog125.jpg,1
1031,dog126.jpg,1
1032,dog127.jpg,1
1033,dog128.jpg,1
1034,dog129.jpg,1
1035,dog13.jpg,1
1036,dog130.jpg,1
1037,dog131.jpg,1
1038,dog132.jpg,1
1039,dog133.jpg,1
1040,dog134.jpg,1
1041,dog135.jpg,1
1042,dog136.jpg,1
1043,dog137.jpg,1
1044,dog138.jpg,1
1045,dog139.jpg,1
1046,dog14.jpg,1
1047,dog140.jpg,1
1048,dog141.jpg,1
1049,dog142.jpg,1
1050,dog143.jpg,1
1051,dog144.jpg,1
1052,dog145.jpg,1
1053,dog146.jpg,1
1054,dog147.jpg,1
1055,dog148.jpg,1
1056,dog149.jpg,1
1057,dog15.jpg,1
1058,dog150.jpg,1
1059,dog151.jpg,1
1060,dog152.jpg,1
1061,dog153.jpg,1
1062,dog154.jpg,1
1063,dog155.jpg,1
1064,dog156.jpg,1
1065,dog157.jpg,1
1066,dog158.jpg,1
1067,dog159.jpg,1
1068,dog16.jpg,1
1069,dog160.jpg,1
1070,dog161.jpg,1
1071,dog162.jpg,1
1072,dog163.jpg,1
1073,dog164.jpg,1
1074,dog165.jpg,1
1075,dog166.jpg,1
1076,dog167.jpg,1
1077,dog168.jpg,1
1078,dog169.jpg,1
1079,dog17.jpg,1
1080,dog170.jpg,1
1081,dog171.jpg,1
1082,dog172.jpg,1
1083,dog173.jpg,1
1084,dog174.jpg,1
1085,dog175.jpg,1
1086,dog176.jpg,1
1087,dog177.jpg,1
1088,dog178.jpg,1
1089,dog179.jpg,1
1090,dog18.jpg,1
1091,dog180.jpg,1
1092,dog181.jpg,1
1093,dog182.jpg,1
1094,dog183.jpg,1
1095,dog184.jpg,1
1096,dog185.jpg,1
1097,dog186.jpg,1
1098,dog187.jpg,1
1099,dog188.jpg,1
1100,dog189.jpg,1
1101,dog19.jpg,1
1102,dog190.jpg,1
1103,dog191.jpg,1
1104,dog192.jpg,1
1105,dog193.jpg,1
1106,dog194.jpg,1
1107,dog195.jpg,1
1108,dog196.jpg,1
1109,dog197.jpg,1
1110,dog198.jpg,1
1111,dog199.jpg,1
1112,dog2.jpg,1
1113,dog20.jpg,1
1114,dog200.jpg,1
1115,dog201.jpg,1
1116,dog202.jpg,1
1117,dog203.jpg,1
1118,dog204.jpg,1
1119,dog205.jpg,1
1120,dog206.jpg,1
1121,dog207.jpg,1
1122,dog208.jpg,1
1123,dog209.jpg,1
1124,dog21.jpg,1
1125,dog210.jpg,1
1126,dog211.jpg,1
1127,dog212.jpg,1
1128,dog213.jpg,1
1129,dog214.jpg,1
1130,dog215.jpg,1
1131,dog216.jpg,1
1132,dog217.jpg,1
1133,dog218.jpg,1
1134,dog219.jpg,1
1135,dog22.jpg,1
1136,dog220.jpg,1
1137,dog221.jpg,1
1138,dog222.jpg,1
1139,dog223.jpg,1
1140,dog224.jpg,1
1141,dog225.jpg,1
1142,dog226.jpg,1
1143,dog227.jpg,1
1144,dog228.jpg,1
1145,dog229.jpg,1
1146,dog23.jpg,1
1147,dog230.jpg,1
1148,dog231.jpg,1
1149,dog232.jpg,1
1150,dog233.jpg,1
1151,dog234.jpg,1
1152,dog235.jpg,1
1153,dog236.jpg,1
1154,dog237.jpg,1
1155,dog238.jpg,1
1156,dog239.jpg,1
1157,dog24.jpg,1
1158,dog240.jpg,1
1159,dog241.jpg,1
1160,dog242.jpg,1
1161,dog243.jpg,1
1162,dog244.jpg,1
1163,dog245.jpg,1
1164,dog246.jpg,1
1165,dog247.jpg,1
1166,dog248.jpg,1
1167,dog249.jpg,1
1168,dog25.jpg,1
1169,dog250.jpg,1
1170,dog251.jpg,1
1171,dog252.jpg,1
1172,dog253.jpg,1
1173,dog254.jpg,1
1174,dog255.jpg,1
1175,dog256.jpg,1
1176,dog257.jpg,1
1177,dog258.jpg,1
1178,dog259.jpg,1
1179,dog26.jpg,1
1180,dog260.jpg,1
1181,dog261.jpg,1
1182,dog262.jpg,1
1183,dog263.jpg,1
1184,dog264.jpg,1
1185,dog265.jpg,1
1186,dog266.jpg,1
1187,dog267.jpg,1
1188,dog268.jpg,1
1189,dog269.jpg,1
1190,dog27.jpg,1
1191,dog270.jpg,1
1192,dog271.jpg,1
1193,dog272.jpg,1
1194,dog273.jpg,1
1195,dog274.jpg,1
1196,dog275.jpg,1
1197,dog276.jpg,1
1198,dog277.jpg,1
1199,dog278.jpg,1
1200,dog279.jpg,1
1201,dog28.jpg,1
1202,dog280.jpg,1
1203,dog281.jpg,1
1204,dog282.jpg,1
1205,dog283.jpg,1
1206,dog284.jpg,1
1207,dog285.jpg,1
1208,dog286.jpg,1
1209,dog287.jpg,1
1210,dog288.jpg,1
1211,dog289.jpg,1
1212,dog29.jpg,1
1213,dog290.jpg,1
1214,dog291.jpg,1
1215,dog292.jpg,1
1216,dog293.jpg,1
1217,dog294.jpg,1
1218,dog295.jpg,1
1219,dog296.jpg,1
1220,dog297.jpg,1
1221,dog298.jpg,1
1222,dog299.jpg,1
1223,dog3.jpg,1
1224,dog30.jpg,1
1225,dog300.jpg,1
1226,dog301.jpg,1
1227,dog302.jpg,1
1228,dog303.jpg,1
1229,dog304.jpg,1
1230,dog305.jpg,1
1231,dog306.jpg,1
1232,dog307.jpg,1
1233,dog308.jpg,1
1234,dog309.jpg,1
1235,dog31.jpg,1
1236,dog310.jpg,1
1237,dog311.jpg,1
1238,dog312.jpg,1
1239,dog313.jpg,1
1240,dog314.jpg,1
1241,dog315.jpg,1
1242,dog316.jpg,1
1243,dog317.jpg,1
1244,dog318.jpg,1
1245,dog319.jpg,1
1246,dog32.jpg,1
1247,dog320.jpg,1
1248,dog321.jpg,1
1249,dog322.jpg,1
1250,dog323.jpg,1
1251,dog324.jpg,1
1252,dog325.jpg,1
1253,dog326.jpg,1
1254,dog327.jpg,1
1255,dog328.jpg,1
1256,dog329.jpg,1
1257,dog33.jpg,1
1258,dog330.jpg,1
1259,dog331.jpg,1
1260,dog332.jpg,1
1261,dog333.jpg,1
1262,dog334.jpg,1
1263,dog335.jpg,1
1264,dog336.jpg,1
1265,dog337.jpg,1
1266,dog338.jpg,1
1267,dog339.jpg,1
1268,dog34.jpg,1
1269,dog340.jpg,1
1270,dog341.jpg,1
1271,dog342.jpg,1
1272,dog343.jpg,1
1273,dog344.jpg,1
1274,dog345.jpg,1
1275,dog346.jpg,1
1276,dog347.jpg,1
1277,dog348.jpg,1
1278,dog349.jpg,1
1279,dog35.jpg,1
1280,dog350.jpg,1
1281,dog351.jpg,1
1282,dog352.jpg,1
1283,dog353.jpg,1
1284,dog354.jpg,1
1285,dog355.jpg,1
1286,dog356.jpg,1
1287,dog357.jpg,1
1288,dog358.jpg,1
1289,dog359.jpg,1
1290,dog36.jpg,1
1291,dog360.jpg,1
1292,dog361.jpg,1
1293,dog362.jpg,1
1294,dog363.jpg,1
1295,dog364.jpg,1
1296,dog365.jpg,1
1297,dog366.jpg,1
1298,dog367.jpg,1
1299,dog368.jpg,1
1300,dog369.jpg,1
1301,dog37.jpg,1
1302,dog370.jpg,1
1303,dog371.jpg,1
1304,dog372.jpg,1
1305,dog373.jpg,1
1306,dog374.jpg,1
1307,dog375.jpg,1
1308,dog376.jpg,1
1309,dog377.jpg,1
1310,dog378.jpg,1
1311,dog379.jpg,1
1312,dog38.jpg,1
1313,dog380.jpg,1
1314,dog381.jpg,1
1315,dog382.jpg,1
1316,dog383.jpg,1
1317,dog384.jpg,1
1318,dog385.jpg,1
1319,dog386.jpg,1
1320,dog387.jpg,1
1321,dog388.jpg,1
1322,dog389.jpg,1
1323,dog39.jpg,1
1324,dog390.jpg,1
1325,dog391.jpg,1
1326,dog392.jpg,1
1327,dog393.jpg,1
1328,dog394.jpg,1
1329,dog395.jpg,1
1330,dog396.jpg,1
1331,dog397.jpg,1
1332,dog398.jpg,1
1333,dog399.jpg,1
1334,dog4.jpg,1
1335,dog40.jpg,1
1336,dog400.jpg,1
1337,dog401.jpg,1
1338,dog402.jpg,1
1339,dog403.jpg,1
1340,dog404.jpg,1
1341,dog405.jpg,1
1342,dog406.jpg,1
1343,dog407.jpg,1
1344,dog408.jpg,1
1345,dog409.jpg,1
1346,dog41.jpg,1
1347,dog410.jpg,1
1348,dog411.jpg,1
1349,dog412.jpg,1
1350,dog413.jpg,1
1351,dog414.jpg,1
1352,dog415.jpg,1
1353,dog416.jpg,1
1354,dog417.jpg,1
1355,dog418.jpg,1
1356,dog419.jpg,1
1357,dog42.jpg,1
1358,dog420.jpg,1
1359,dog421.jpg,1
1360,dog422.jpg,1
1361,dog423.jpg,1
1362,dog424.jpg,1
1363,dog425.jpg,1
1364,dog426.jpg,1
1365,dog427.jpg,1
1366,dog428.jpg,1
1367,dog429.jpg,1
1368,dog43.jpg,1
1369,dog430.jpg,1
1370,dog431.jpg,1
1371,dog432.jpg,1
1372,dog433.jpg,1
1373,dog434.jpg,1
1374,dog435.jpg,1
1375,dog436.jpg,1
1376,dog437.jpg,1
1377,dog438.jpg,1
1378,dog439.jpg,1
1379,dog44.jpg,1
1380,dog440.jpg,1
1381,dog441.jpg,1
1382,dog442.jpg,1
1383,dog443.jpg,1
1384,dog444.jpg,1
1385,dog445.jpg,1
1386,dog446.jpg,1
1387,dog447.jpg,1
1388,dog448.jpg,1
1389,dog449.jpg,1
1390,dog45.jpg,1
1391,dog450.jpg,1
1392,dog451.jpg,1
1393,dog452.jpg,1
1394,dog453.jpg,1
1395,dog454.jpg,1
1396,dog455.jpg,1
1397,dog456.jpg,1
1398,dog457.jpg,1
1399,dog458.jpg,1
1400,dog459.jpg,1
1401,dog46.jpg,1
1402,dog460.jpg,1
1403,dog461.jpg,1
1404,dog462.jpg,1
1405,dog463.jpg,1
1406,dog464.jpg,1
1407,dog465.jpg,1
1408,dog466.jpg,1
1409,dog467.jpg,1
1410,dog468.jpg,1
1411,dog469.jpg,1
1412,dog47.jpg,1
1413,dog470.jpg,1
1414,dog471.jpg,1
1415,dog472.jpg,1
1416,dog473.jpg,1
1417,dog474.jpg,1
1418,dog475.jpg,1
1419,dog476.jpg,1
1420,dog477.jpg,1
1421,dog478.jpg,1
1422,dog479.jpg,1
1423,dog48.jpg,1
1424,dog480.jpg,1
1425,dog481.jpg,1
1426,dog482.jpg,1
1427,dog483.jpg,1
1428,dog484.jpg,1
1429,dog485.jpg,1
1430,dog486.jpg,1
1431,dog487.jpg,1
1432,dog488.jpg,1
1433,dog489.jpg,1
1434,dog49.jpg,1
1435,dog490.jpg,1
1436,dog491.jpg,1
1437,dog492.jpg,1
1438,dog493.jpg,1
1439,dog494.jpg,1
1440,dog495.jpg,1
1441,dog496.jpg,1
1442,dog497.jpg,1
1443,dog498.jpg,1
1444,dog499.jpg,1
1445,dog5.jpg,1
1446,dog50.jpg,1
1447,dog500.jpg,1
1448,dog501.jpg,1
1449,dog502.jpg,1
1450,dog503.jpg,1
1451,dog504.jpg,1
1452,dog505.jpg,1
1453,dog506.jpg,1
1454,dog507.jpg,1
1455,dog508.jpg,1
1456,dog509.jpg,1
1457,dog51.jpg,1
1458,dog510.jpg,1
1459,dog511.jpg,1
1460,dog512.jpg,1
1461,dog513.jpg,1
1462,dog514.jpg,1
1463,dog515.jpg,1
1464,dog516.jpg,1
1465,dog517.jpg,1
1466,dog518.jpg,1
1467,dog519.jpg,1
1468,dog52.jpg,1
1469,dog520.jpg,1
1470,dog521.jpg,1
1471,dog522.jpg,1
1472,dog523.jpg,1
1473,dog524.jpg,1
1474,dog525.jpg,1
1475,dog526.jpg,1
1476,dog527.jpg,1
1477,dog528.jpg,1
1478,dog529.jpg,1
1479,dog53.jpg,1
1480,dog530.jpg,1
1481,dog531.jpg,1
1482,dog532.jpg,1
1483,dog533.jpg,1
1484,dog534.jpg,1
1485,dog535.jpg,1
1486,dog536.jpg,1
1487,dog537.jpg,1
1488,dog538.jpg,1
1489,dog539.jpg,1
1490,dog54.jpg,1
1491,dog540.jpg,1
1492,dog541.jpg,1
1493,dog542.jpg,1
1494,dog543.jpg,1
1495,dog544.jpg,1
1496,dog545.jpg,1
1497,dog546.jpg,1
1498,dog547.jpg,1
1499,dog548.jpg,1
1500,dog549.jpg,1
1501,dog55.jpg,1
1502,dog550.jpg,1
1503,dog551.jpg,1
1504,dog552.jpg,1
1505,dog553.jpg,1
1506,dog554.jpg,1
1507,dog555.jpg,1
1508,dog556.jpg,1
1509,dog557.jpg,1
1510,dog558.jpg,1
1511,dog559.jpg,1
1512,dog56.jpg,1
1513,dog560.jpg,1
1514,dog561.jpg,1
1515,dog562.jpg,1
1516,dog563.jpg,1
1517,dog564.jpg,1
1518,dog565.jpg,1
1519,dog566.jpg,1
1520,dog567.jpg,1
1521,dog568.jpg,1
1522,dog569.jpg,1
1523,dog57.jpg,1
1524,dog570.jpg,1
1525,dog571.jpg,1
1526,dog572.jpg,1
1527,dog573.jpg,1
1528,dog574.jpg,1
1529,dog575.jpg,1
1530,dog576.jpg,1
1531,dog577.jpg,1
1532,dog578.jpg,1
1533,dog579.jpg,1
1534,dog58.jpg,1
1535,dog580.jpg,1
1536,dog581.jpg,1
1537,dog582.jpg,1
1538,dog583.jpg,1
1539,dog584.jpg,1
1540,dog585.jpg,1
1541,dog586.jpg,1
1542,dog587.jpg,1
1543,dog588.jpg,1
1544,dog589.jpg,1
1545,dog59.jpg,1
1546,dog590.jpg,1
1547,dog591.jpg,1
1548,dog592.jpg,1
1549,dog593.jpg,1
1550,dog594.jpg,1
1551,dog595.jpg,1
1552,dog596.jpg,1
1553,dog597.jpg,1
1554,dog598.jpg,1
1555,dog599.jpg,1
1556,dog6.jpg,1
1557,dog60.jpg,1
1558,dog600.jpg,1
1559,dog601.jpg,1
1560,dog602.jpg,1
1561,dog603.jpg,1
1562,dog604.jpg,1
1563,dog605.jpg,1
1564,dog606.jpg,1
1565,dog607.jpg,1
1566,dog608.jpg,1
1567,dog609.jpg,1
1568,dog61.jpg,1
1569,dog610.jpg,1
1570,dog611.jpg,1
1571,dog612.jpg,1
1572,dog613.jpg,1
1573,dog614.jpg,1
1574,dog615.jpg,1
1575,dog616.jpg,1
1576,dog617.jpg,1
1577,dog618.jpg,1
1578,dog619.jpg,1
1579,dog62.jpg,1
1580,dog620.jpg,1
1581,dog621.jpg,1
1582,dog622.jpg,1
1583,dog623.jpg,1
1584,dog624.jpg,1
1585,dog625.jpg,1
1586,dog626.jpg,1
1587,dog627.jpg,1
1588,dog628.jpg,1
1589,dog629.jpg,1
1590,dog63.jpg,1
1591,dog630.jpg,1
1592,dog631.jpg,1
1593,dog632.jpg,1
1594,dog633.jpg,1
1595,dog634.jpg,1
1596,dog635.jpg,1
1597,dog636.jpg,1
1598,dog637.jpg,1
1599,dog638.jpg,1
1600,dog639.jpg,1
1601,dog64.jpg,1
1602,dog640.jpg,1
1603,dog641.jpg,1
1604,dog642.jpg,1
1605,dog643.jpg,1
1606,dog644.jpg,1
1607,dog645.jpg,1
1608,dog646.jpg,1
1609,dog647.jpg,1
1610,dog648.jpg,1
1611,dog649.jpg,1
1612,dog65.jpg,1
1613,dog650.jpg,1
1614,dog651.jpg,1
1615,dog652.jpg,1
1616,dog653.jpg,1
1617,dog654.jpg,1
1618,dog655.jpg,1
1619,dog656.jpg,1
1620,dog657.jpg,1
1621,dog658.jpg,1
1622,dog659.jpg,1
1623,dog66.jpg,1
1624,dog660.jpg,1
1625,dog661.jpg,1
1626,dog662.jpg,1
1627,dog663.jpg,1
1628,dog664.jpg,1
1629,dog665.jpg,1
1630,dog666.jpg,1
1631,dog667.jpg,1
1632,dog668.jpg,1
1633,dog669.jpg,1
1634,dog67.jpg,1
1635,dog670.jpg,1
1636,dog671.jpg,1
1637,dog672.jpg,1
1638,dog673.jpg,1
1639,dog674.jpg,1
1640,dog675.jpg,1
1641,dog676.jpg,1
1642,dog677.jpg,1
1643,dog678.jpg,1
1644,dog679.jpg,1
1645,dog68.jpg,1
1646,dog680.jpg,1
1647,dog681.jpg,1
1648,dog682.jpg,1
1649,dog683.jpg,1
1650,dog684.jpg,1
1651,dog685.jpg,1
1652,dog686.jpg,1
1653,dog687.jpg,1
1654,dog688.jpg,1
1655,dog689.jpg,1
1656,dog69.jpg,1
1657,dog690.jpg,1
1658,dog691.jpg,1
1659,dog692.jpg,1
1660,dog693.jpg,1
1661,dog694.jpg,1
1662,dog695.jpg,1
1663,dog696.jpg,1
1664,dog697.jpg,1
1665,dog698.jpg,1
1666,dog699.jpg,1
1667,dog7.jpg,1
1668,dog70.jpg,1
1669,dog700.jpg,1
1670,dog701.jpg,1
1671,dog702.jpg,1
1672,dog703.jpg,1
1673,dog704.jpg,1
1674,dog705.jpg,1
1675,dog706.jpg,1
1676,dog707.jpg,1
1677,dog708.jpg,1
1678,dog709.jpg,1
1679,dog71.jpg,1
1680,dog710.jpg,1
1681,dog711.jpg,1
1682,dog712.jpg,1
1683,dog713.jpg,1
1684,dog714.jpg,1
1685,dog715.jpg,1
1686,dog716.jpg,1
1687,dog717.jpg,1
1688,dog718.jpg,1
1689,dog719.jpg,1
1690,dog72.jpg,1
1691,dog720.jpg,1
1692,dog721.jpg,1
1693,dog722.jpg,1
1694,dog723.jpg,1
1695,dog724.jpg,1
1696,dog725.jpg,1
1697,dog726.jpg,1
1698,dog727.jpg,1
1699,dog728.jpg,1
1700,dog729.jpg,1
1701,dog73.jpg,1
1702,dog730.jpg,1
1703,dog731.jpg,1
1704,dog732.jpg,1
1705,dog733.jpg,1
1706,dog734.jpg,1
1707,dog735.jpg,1
1708,dog736.jpg,1
1709,dog737.jpg,1
1710,dog738.jpg,1
1711,dog739.jpg,1
1712,dog74.jpg,1
1713,dog740.jpg,1
1714,dog741.jpg,1
1715,dog742.jpg,1
1716,dog743.jpg,1
1717,dog744.jpg,1
1718,dog745.jpg,1
1719,dog746.jpg,1
1720,dog747.jpg,1
1721,dog748.jpg,1
1722,dog749.jpg,1
1723,dog75.jpg,1
1724,dog750.jpg,1
1725,dog751.jpg,1
1726,dog752.jpg,1
1727,dog753.jpg,1
1728,dog754.jpg,1
1729,dog755.jpg,1
1730,dog756.jpg,1
1731,dog757.jpg,1
1732,dog758.jpg,1
1733,dog759.jpg,1
1734,dog76.jpg,1
1735,dog760.jpg,1
1736,dog761.jpg,1
1737,dog762.jpg,1
1738,dog763.jpg,1
1739,dog764.jpg,1
1740,dog765.jpg,1
1741,dog766.jpg,1
1742,dog767.jpg,1
1743,dog768.jpg,1
1744,dog769.jpg,1
1745,dog77.jpg,1
1746,dog770.jpg,1
1747,dog771.jpg,1
1748,dog772.jpg,1
1749,dog773.jpg,1
1750,dog774.jpg,1
1751,dog775.jpg,1
1752,dog776.jpg,1
1753,dog777.jpg,1
1754,dog778.jpg,1
1755,dog779.jpg,1
1756,dog78.jpg,1
1757,dog780.jpg,1
1758,dog781.jpg,1
1759,dog782.jpg,1
1760,dog783.jpg,1
1761,dog784.jpg,1
1762,dog785.jpg,1
1763,dog786.jpg,1
1764,dog787.jpg,1
1765,dog788.jpg,1
1766,dog789.jpg,1
1767,dog79.jpg,1
1768,dog790.jpg,1
1769,dog791.jpg,1
1770,dog792.jpg,1
1771,dog793.jpg,1
1772,dog794.jpg,1
1773,dog795.jpg,1
1774,dog796.jpg,1
1775,dog797.jpg,1
1776,dog798.jpg,1
1777,dog799.jpg,1
1778,dog8.jpg,1
1779,dog80.jpg,1
1780,dog800.jpg,1
1781,dog801.jpg,1
1782,dog802.jpg,1
1783,dog803.jpg,1
1784,dog804.jpg,1
1785,dog805.jpg,1
1786,dog806.jpg,1
1787,dog807.jpg,1
1788,dog808.jpg,1
1789,dog809.jpg,1
1790,dog81.jpg,1
1791,dog810.jpg,1
1792,dog811.jpg,1
1793,dog812.jpg,1
1794,dog813.jpg,1
1795,dog814.jpg,1
1796,dog815.jpg,1
1797,dog816.jpg,1
1798,dog817.jpg,1
1799,dog818.jpg,1
1800,dog819.jpg,1
1801,dog82.jpg,1
1802,dog820.jpg,1
1803,dog821.jpg,1
1804,dog822.jpg,1
1805,dog823.jpg,1
1806,dog824.jpg,1
1807,dog825.jpg,1
1808,dog826.jpg,1
1809,dog827.jpg,1
1810,dog828.jpg,1
1811,dog829.jpg,1
1812,dog83.jpg,1
1813,dog830.jpg,1
1814,dog831.jpg,1
1815,dog832.jpg,1
1816,dog833.jpg,1
1817,dog834.jpg,1
1818,dog835.jpg,1
1819,dog836.jpg,1
1820,dog837.jpg,1
1821,dog838.jpg,1
1822,dog839.jpg,1
1823,dog84.jpg,1
1824,dog840.jpg,1
1825,dog841.jpg,1
1826,dog842.jpg,1
1827,dog843.jpg,1
1828,dog844.jpg,1
1829,dog845.jpg,1
1830,dog846.jpg,1
1831,dog847.jpg,1
1832,dog848.jpg,1
1833,dog849.jpg,1
1834,dog85.jpg,1
1835,dog850.jpg,1
1836,dog851.jpg,1
1837,dog852.jpg,1
1838,dog853.jpg,1
1839,dog854.jpg,1
1840,dog855.jpg,1
1841,dog856.jpg,1
1842,dog857.jpg,1
1843,dog858.jpg,1
1844,dog859.jpg,1
1845,dog86.jpg,1
1846,dog860.jpg,1
1847,dog861.jpg,1
1848,dog862.jpg,1
1849,dog863.jpg,1
1850,dog864.jpg,1
1851,dog865.jpg,1
1852,dog866.jpg,1
1853,dog867.jpg,1
1854,dog868.jpg,1
1855,dog869.jpg,1
1856,dog87.jpg,1
1857,dog870.jpg,1
1858,dog871.jpg,1
1859,dog872.jpg,1
1860,dog873.jpg,1
1861,dog874.jpg,1
1862,dog875.jpg,1
1863,dog876.jpg,1
1864,dog877.jpg,1
1865,dog878.jpg,1
1866,dog879.jpg,1
1867,dog88.jpg,1
1868,dog880.jpg,1
1869,dog881.jpg,1
1870,dog882.jpg,1
1871,dog883.jpg,1
1872,dog884.jpg,1
1873,dog885.jpg,1
1874,dog886.jpg,1
1875,dog887.jpg,1
1876,dog888.jpg,1
1877,dog889.jpg,1
1878,dog89.jpg,1
1879,dog890.jpg,1
1880,dog891.jpg,1
1881,dog892.jpg,1
1882,dog893.jpg,1
1883,dog894.jpg,1
1884,dog895.jpg,1
1885,dog896.jpg,1
1886,dog897.jpg,1
1887,dog898.jpg,1
1888,dog899.jpg,1
1889,dog9.jpg,1
1890,dog90.jpg,1
1891,dog900.jpg,1
1892,dog901.jpg,1
1893,dog902.jpg,1
1894,dog903.jpg,1
1895,dog904.jpg,1
1896,dog905.jpg,1
1897,dog906.jpg,1
1898,dog907.jpg,1
1899,dog908.jpg,1
1900,dog909.jpg,1
1901,dog91.jpg,1
1902,dog910.jpg,1
1903,dog911.jpg,1
1904,dog912.jpg,1
1905,dog913.jpg,1
1906,dog914.jpg,1
1907,dog915.jpg,1
1908,dog916.jpg,1
1909,dog917.jpg,1
1910,dog918.jpg,1
1911,dog919.jpg,1
1912,dog92.jpg,1
1913,dog920.jpg,1
1914,dog921.jpg,1
1915,dog922.jpg,1
1916,dog923.jpg,1
1917,dog924.jpg,1
1918,dog925.jpg,1
1919,dog926.jpg,1
1920,dog927.jpg,1
1921,dog928.jpg,1
1922,dog929.jpg,1
1923,dog93.jpg,1
1924,dog930.jpg,1
1925,dog931.jpg,1
1926,dog932.jpg,1
1927,dog933.jpg,1
1928,dog934.jpg,1
1929,dog935.jpg,1
1930,dog936.jpg,1
1931,dog937.jpg,1
1932,dog938.jpg,1
1933,dog939.jpg,1
1934,dog94.jpg,1
1935,dog940.jpg,1
1936,dog941.jpg,1
1937,dog942.jpg,1
1938,dog943.jpg,1
1939,dog944.jpg,1
1940,dog945.jpg,1
1941,dog946.jpg,1
1942,dog947.jpg,1
1943,dog948.jpg,1
1944,dog949.jpg,1
1945,dog95.jpg,1
1946,dog950.jpg,1
1947,dog951.jpg,1
1948,dog952.jpg,1
1949,dog953.jpg,1
1950,dog954.jpg,1
1951,dog955.jpg,1
1952,dog956.jpg,1
1953,dog957.jpg,1
1954,dog958.jpg,1
1955,dog959.jpg,1
1956,dog96.jpg,1
1957,dog960.jpg,1
1958,dog961.jpg,1
1959,dog962.jpg,1
1960,dog963.jpg,1
1961,dog964.jpg,1
1962,dog965.jpg,1
1963,dog966.jpg,1
1964,dog967.jpg,1
1965,dog968.jpg,1
1966,dog969.jpg,1
1967,dog97.jpg,1
1968,dog970.jpg,1
1969,dog971.jpg,1
1970,dog972.jpg,1
1971,dog973.jpg,1
1972,dog974.jpg,1
1973,dog975.jpg,1
1974,dog976.jpg,1
1975,dog977.jpg,1
1976,dog978.jpg,1
1977,dog979.jpg,1
1978,dog98.jpg,1
1979,dog980.jpg,1
1980,dog981.jpg,1
1981,dog982.jpg,1
1982,dog983.jpg,1
1983,dog984.jpg,1
1984,dog985.jpg,1
1985,dog986.jpg,1
1986,dog987.jpg,1
1987,dog988.jpg,1
1988,dog989.jpg,1
1989,dog99.jpg,1
1990,dog990.jpg,1
1991,dog991.jpg,1
1992,dog992.jpg,1
1993,dog993.jpg,1
1994,dog994.jpg,1
1995,dog995.jpg,1
1996,dog996.jpg,1
1997,dog997.jpg,1
1998,dog998.jpg,1
1999,dog999.jpg,1
